{"is_source_file": true, "format": "Python", "description": "This file provides database connection utilities for a SQLite database in a FastAPI project. It manages environment variable loading, database connection handling via context managers, and exposes a dependency function for use in API route handlers.", "external_files": ["dotenv", "os", "sqlite3", "typing", "contextlib"], "external_methods": ["load_dotenv", "os.getenv", "os.path.exists", "sqlite3.connect"], "published": ["get_db"], "classes": [], "methods": [{"name": "get_db_connection()", "description": "Context manager that provides a SQLite database connection, automatically commits, rolls back on error, and closes the connection.", "scope": "", "scopeKind": ""}, {"name": "Generator[sqlite3.Connection,None,None] get_db()", "description": "FastAPI dependency generator that yields a database connection using the get_db_connection context manager.", "scope": "", "scopeKind": ""}], "calls": ["load_dotenv", "os.getenv", "os.path.exists", "sqlite3.connect", "get_db_connection", "conn.cursor"], "search-terms": ["FastAPI database dependency", "SQLite connection context manager", "environment variable SQLITE_DB_PATH", "database connection utility"], "state": 2, "file_id": 6, "knowledge_revision": 16, "git_revision": "04cb141470fdcc25734a08d1a4fc2eefd55e3685", "ctags": [{"_type": "tag", "name": "SQLITE_DB_PATH", "path": "/home/kavia/workspace/code-generation/simple-to-do-list-301448-301457/todo_backend/src/api/database.py", "pattern": "/^SQLITE_DB_PATH = os.getenv(\"SQLITE_DB\")$/", "language": "Python", "kind": "variable"}, {"_type": "tag", "name": "get_db", "path": "/home/kavia/workspace/code-generation/simple-to-do-list-301448-301457/todo_backend/src/api/database.py", "pattern": "/^def get_db() -> Generator[sqlite3.Connection, None, None]:$/", "language": "Python", "typeref": "typename:Generator[sqlite3.Connection,None,None]", "kind": "function", "signature": "()"}, {"_type": "tag", "name": "get_db_connection", "path": "/home/kavia/workspace/code-generation/simple-to-do-list-301448-301457/todo_backend/src/api/database.py", "pattern": "/^def get_db_connection():$/", "language": "Python", "kind": "function", "signature": "()"}], "hash": "196a691f2ef64cf2f98b2aef82de9684", "format-version": 4, "code-base-name": "todo_backend", "filename": "todo_backend/src/api/database.py", "fields": [{"name": "SQLITE_DB_PATH = os.getenv(\"SQLITE_DB\")", "scope": "", "scopeKind": "", "description": "unavailable"}], "revision_history": [{"16": "04cb141470fdcc25734a08d1a4fc2eefd55e3685"}]}