{"is_source_file": true, "format": "Python", "description": "This file defines REST API routes for managing todo items, including CRUD operations, using FastAPI framework. It handles listing, creating, retrieving, updating, completing, and deleting todos, utilizing SQLite as the database backend.", "external_files": ["./database.py", "./schemas.py"], "external_methods": ["get_db"], "published": ["get_todos", "create_todo", "get_todo", "update_todo", "complete_todo", "delete_todo"], "classes": [], "methods": [{"name": "dict row_to_todo(row: sqlite3.Row)", "description": "Converts a SQLite row to a dictionary representing a todo item.", "scope": "", "scopeKind": ""}, {"name": "get_todos(db: sqlite3.Connection = Depends(get_db))", "description": "Handles GET /todos to retrieve all todo items.", "scope": "", "scopeKind": ""}, {"name": "create_todo(todo: TodoCreate, db: sqlite3.Connection = Depends(get_db))", "description": "Handles POST /todos to create a new todo.", "scope": "", "scopeKind": ""}, {"name": "get_todo(todo_id: int, db: sqlite3.Connection = Depends(get_db))", "description": "Handles GET /todos/{todo_id} to retrieve a specific todo.", "scope": "", "scopeKind": ""}, {"name": "update_todo(todo_id: int, todo: TodoUpdate, db: sqlite3.Connection = Depends(get_db))", "description": "Handles PUT /todos/{todo_id} to update an existing todo.", "scope": "", "scopeKind": ""}, {"name": "complete_todo(todo_id: int, completion: TodoComplete, db: sqlite3.Connection = Depends(get_db))", "description": "Handles PATCH /todos/{todo_id}/complete to toggle or set completion status.", "scope": "", "scopeKind": ""}, {"name": "delete_todo(todo_id: int, db: sqlite3.Connection = Depends(get_db))", "description": "Handles DELETE /todos/{todo_id} to delete a todo.", "scope": "", "scopeKind": ""}], "calls": ["get_db", "sqlite3.connect", "cursor.execute", "cursor.fetchone", "cursor.fetchall", "cursor.lastrowid"], "search-terms": ["FastAPI routes", "Todo CRUD", "SQLite database", "todos API endpoints", "todo backend"], "state": 2, "file_id": 7, "knowledge_revision": 17, "git_revision": "04cb141470fdcc25734a08d1a4fc2eefd55e3685", "ctags": [{"_type": "tag", "name": "complete_todo", "path": "/home/kavia/workspace/code-generation/simple-to-do-list-301448-301457/todo_backend/src/api/routes.py", "pattern": "/^def complete_todo(todo_id: int, completion: TodoComplete, db: sqlite3.Connection = Depends(get_d/", "language": "Python", "kind": "function", "signature": "(todo_id: int, completion: TodoComplete, db: sqlite3.Connection = Depends(get_db))"}, {"_type": "tag", "name": "create_todo", "path": "/home/kavia/workspace/code-generation/simple-to-do-list-301448-301457/todo_backend/src/api/routes.py", "pattern": "/^def create_todo(todo: TodoCreate, db: sqlite3.Connection = Depends(get_db)):$/", "language": "Python", "kind": "function", "signature": "(todo: TodoCreate, db: sqlite3.Connection = Depends(get_db))"}, {"_type": "tag", "name": "delete_todo", "path": "/home/kavia/workspace/code-generation/simple-to-do-list-301448-301457/todo_backend/src/api/routes.py", "pattern": "/^def delete_todo(todo_id: int, db: sqlite3.Connection = Depends(get_db)):$/", "language": "Python", "kind": "function", "signature": "(todo_id: int, db: sqlite3.Connection = Depends(get_db))"}, {"_type": "tag", "name": "get_todo", "path": "/home/kavia/workspace/code-generation/simple-to-do-list-301448-301457/todo_backend/src/api/routes.py", "pattern": "/^def get_todo(todo_id: int, db: sqlite3.Connection = Depends(get_db)):$/", "language": "Python", "kind": "function", "signature": "(todo_id: int, db: sqlite3.Connection = Depends(get_db))"}, {"_type": "tag", "name": "get_todos", "path": "/home/kavia/workspace/code-generation/simple-to-do-list-301448-301457/todo_backend/src/api/routes.py", "pattern": "/^def get_todos(db: sqlite3.Connection = Depends(get_db)):$/", "language": "Python", "kind": "function", "signature": "(db: sqlite3.Connection = Depends(get_db))"}, {"_type": "tag", "name": "router", "path": "/home/kavia/workspace/code-generation/simple-to-do-list-301448-301457/todo_backend/src/api/routes.py", "pattern": "/^router = APIRouter(prefix=\"\\/todos\", tags=[\"Todos\"])$/", "language": "Python", "kind": "variable"}, {"_type": "tag", "name": "row_to_todo", "path": "/home/kavia/workspace/code-generation/simple-to-do-list-301448-301457/todo_backend/src/api/routes.py", "pattern": "/^def row_to_todo(row: sqlite3.Row) -> dict:$/", "language": "Python", "typeref": "typename:dict", "kind": "function", "signature": "(row: sqlite3.Row)"}, {"_type": "tag", "name": "update_todo", "path": "/home/kavia/workspace/code-generation/simple-to-do-list-301448-301457/todo_backend/src/api/routes.py", "pattern": "/^def update_todo(todo_id: int, todo: TodoUpdate, db: sqlite3.Connection = Depends(get_db)):$/", "language": "Python", "kind": "function", "signature": "(todo_id: int, todo: TodoUpdate, db: sqlite3.Connection = Depends(get_db))"}], "hash": "44a08d9badcd934fd2ba2ae0c5d42d8c", "format-version": 4, "code-base-name": "todo_backend", "filename": "todo_backend/src/api/routes.py", "fields": [{"name": "router = APIRouter(prefix=\"\\/todos\", tags=[\"Todos\"])", "scope": "", "scopeKind": "", "description": "unavailable"}], "revision_history": [{"17": "04cb141470fdcc25734a08d1a4fc2eefd55e3685"}]}