{"is_source_file": true, "format": "Python", "description": "This script generates an OpenAPI specification file for the Todo API by importing the main application and invoking its openapi() method. It creates an 'interfaces' directory and writes the generated schema to 'interfaces/openapi.json'.", "external_files": ["src/api/main"], "external_methods": ["src.api.main.app.openapi"], "published": [], "classes": [], "methods": [], "calls": ["json.dump", "os.makedirs", "os.path.join", "app.openapi"], "search-terms": ["generate_openapi", "OpenAPI schema generator", "todo_backend", "api schema", "openapi.json"], "state": 2, "file_id": 3, "knowledge_revision": 14, "git_revision": "a6a52bbfd29ca383cb86022da10aefe6558c9d48", "revision_history": [{"9": "a6a52bbfd29ca383cb86022da10aefe6558c9d48"}, {"14": "a6a52bbfd29ca383cb86022da10aefe6558c9d48"}], "ctags": [{"_type": "tag", "name": "openapi_schema", "path": "/home/kavia/workspace/code-generation/simple-to-do-list-301448-301457/todo_backend/src/api/generate_openapi.py", "pattern": "/^openapi_schema = app.openapi()$/", "language": "Python", "kind": "variable"}, {"_type": "tag", "name": "output_dir", "path": "/home/kavia/workspace/code-generation/simple-to-do-list-301448-301457/todo_backend/src/api/generate_openapi.py", "pattern": "/^output_dir = \"interfaces\"$/", "language": "Python", "kind": "variable"}, {"_type": "tag", "name": "output_path", "path": "/home/kavia/workspace/code-generation/simple-to-do-list-301448-301457/todo_backend/src/api/generate_openapi.py", "pattern": "/^output_path = os.path.join(output_dir, \"openapi.json\")$/", "language": "Python", "kind": "variable"}], "hash": "3fe2477d76ef6be85f9d79445f7ee91c", "format-version": 4, "code-base-name": "todo_backend", "filename": "todo_backend/src/api/generate_openapi.py", "fields": [{"name": "openapi_schema = app.openapi()", "scope": "", "scopeKind": "", "description": "unavailable"}, {"name": "output_dir = \"interfaces\"", "scope": "", "scopeKind": "", "description": "unavailable"}, {"name": "output_path = os.path.join(output_dir, \"openapi.json\")", "scope": "", "scopeKind": "", "description": "unavailable"}]}