{"is_source_file": true, "format": "Python", "description": "This is a source file for a FastAPI-based backend API managing todo items, defining app setup, middleware, and endpoint routes.", "external_files": ["fastapi", "fastapi.middleware.cors", "dotenv", ".routes"], "external_methods": ["FastAPI", "CORSMiddleware", "load_dotenv", "app.include_router", "app.add_middleware", "app.get"], "published": ["app"], "classes": [], "methods": [{"name": "health_check()", "description": "Health check endpoint that returns API status as healthy.", "scope": "", "scopeKind": ""}], "calls": ["load_dotenv()", "app.include_router(todo_router)", "app.add_middleware(", "app.get("], "search-terms": ["FastAPI", "todo backend", "health check endpoint", "API initialization", "CORS middleware", "src/api/main.py"], "state": 2, "file_id": 2, "knowledge_revision": 13, "git_revision": "a6a52bbfd29ca383cb86022da10aefe6558c9d48", "revision_history": [{"8": "a6a52bbfd29ca383cb86022da10aefe6558c9d48"}, {"13": "a6a52bbfd29ca383cb86022da10aefe6558c9d48"}], "ctags": [{"_type": "tag", "name": "allowed_headers", "path": "/home/kavia/workspace/code-generation/simple-to-do-list-301448-301457/todo_backend/src/api/main.py", "pattern": "/^allowed_headers = os.getenv(\"ALLOWED_HEADERS\", \"*\").split(\",\")$/", "language": "Python", "kind": "variable"}, {"_type": "tag", "name": "allowed_methods", "path": "/home/kavia/workspace/code-generation/simple-to-do-list-301448-301457/todo_backend/src/api/main.py", "pattern": "/^allowed_methods = os.getenv(\"ALLOWED_METHODS\", \"*\").split(\",\")$/", "language": "Python", "kind": "variable"}, {"_type": "tag", "name": "allowed_origins", "path": "/home/kavia/workspace/code-generation/simple-to-do-list-301448-301457/todo_backend/src/api/main.py", "pattern": "/^allowed_origins = os.getenv(\"ALLOWED_ORIGINS\", \"*\").split(\",\")$/", "language": "Python", "kind": "variable"}, {"_type": "tag", "name": "app", "path": "/home/kavia/workspace/code-generation/simple-to-do-list-301448-301457/todo_backend/src/api/main.py", "pattern": "/^app = FastAPI($/", "language": "Python", "kind": "variable"}, {"_type": "tag", "name": "health_check", "path": "/home/kavia/workspace/code-generation/simple-to-do-list-301448-301457/todo_backend/src/api/main.py", "pattern": "/^def health_check():$/", "language": "Python", "kind": "function", "signature": "()"}, {"_type": "tag", "name": "todo_router", "path": "/home/kavia/workspace/code-generation/simple-to-do-list-301448-301457/todo_backend/src/api/main.py", "pattern": "/^from .routes import router as todo_router$/", "language": "Python", "kind": "unknown", "nameref": "unknown:router"}], "hash": "3821a4526d91bc464b9826773939d077", "format-version": 4, "code-base-name": "todo_backend", "filename": "todo_backend/src/api/main.py", "fields": [{"name": "allowed_headers = os.getenv(\"ALLOWED_HEADERS\", \"*\").split(\",\")", "scope": "", "scopeKind": "", "description": "unavailable"}, {"name": "allowed_methods = os.getenv(\"ALLOWED_METHODS\", \"*\").split(\",\")", "scope": "", "scopeKind": "", "description": "unavailable"}, {"name": "allowed_origins = os.getenv(\"ALLOWED_ORIGINS\", \"*\").split(\",\")", "scope": "", "scopeKind": "", "description": "unavailable"}, {"name": "app = FastAPI(", "scope": "", "scopeKind": "", "description": "unavailable"}]}