{"is_source_file": true, "format": "Python", "description": "This file contains Pydantic schema models for the Todo API, defining request and response data structures used in API endpoints.", "external_files": ["pydantic.BaseModel", "pydantic.Field", "typing.Optional"], "external_methods": [], "published": ["TodoCreate", "TodoUpdate", "TodoComplete", "TodoResponse", "TodoListResponse", "ErrorResponse"], "classes": [{"name": "TodoBase", "description": "Base schema for Todo with common fields"}, {"name": "TodoCreate", "description": "Schema for creating a new todo item"}, {"name": "TodoUpdate", "description": "Schema for updating an existing todo item with optional fields for partial updates"}, {"name": "TodoComplete", "description": "Schema for marking a todo as complete or incomplete"}, {"name": "TodoResponse", "description": "Schema for todo response, including system-generated fields like id and timestamps"}, {"name": "TodoListResponse", "description": "Schema for list of todos response"}, {"name": "ErrorResponse", "description": "Schema for error responses"}], "methods": [], "calls": [], "search-terms": ["Pydantic schemas", "Todo API models", "Request and response models", "TodoCreate", "TodoUpdate", "TodoResponse", "TodoListResponse", "ErrorResponse"], "state": 2, "file_id": 5, "knowledge_revision": 18, "git_revision": "04cb141470fdcc25734a08d1a4fc2eefd55e3685", "revision_history": [{"15": ""}, {"18": "04cb141470fdcc25734a08d1a4fc2eefd55e3685"}], "ctags": [{"_type": "tag", "name": "Config", "path": "/home/kavia/workspace/code-generation/simple-to-do-list-301448-301457/todo_backend/src/api/schemas.py", "pattern": "/^    class Config:$/", "language": "Python", "kind": "class", "scope": "TodoResponse", "scopeKind": "class"}, {"_type": "tag", "name": "ErrorResponse", "path": "/home/kavia/workspace/code-generation/simple-to-do-list-301448-301457/todo_backend/src/api/schemas.py", "pattern": "/^class ErrorResponse(BaseModel):$/", "language": "Python", "kind": "class"}, {"_type": "tag", "name": "TodoBase", "path": "/home/kavia/workspace/code-generation/simple-to-do-list-301448-301457/todo_backend/src/api/schemas.py", "pattern": "/^class TodoBase(BaseModel):$/", "language": "Python", "kind": "class"}, {"_type": "tag", "name": "TodoComplete", "path": "/home/kavia/workspace/code-generation/simple-to-do-list-301448-301457/todo_backend/src/api/schemas.py", "pattern": "/^class TodoComplete(BaseModel):$/", "language": "Python", "kind": "class"}, {"_type": "tag", "name": "TodoCreate", "path": "/home/kavia/workspace/code-generation/simple-to-do-list-301448-301457/todo_backend/src/api/schemas.py", "pattern": "/^class TodoCreate(TodoBase):$/", "language": "Python", "kind": "class"}, {"_type": "tag", "name": "TodoListResponse", "path": "/home/kavia/workspace/code-generation/simple-to-do-list-301448-301457/todo_backend/src/api/schemas.py", "pattern": "/^class TodoListResponse(BaseModel):$/", "language": "Python", "kind": "class"}, {"_type": "tag", "name": "TodoResponse", "path": "/home/kavia/workspace/code-generation/simple-to-do-list-301448-301457/todo_backend/src/api/schemas.py", "pattern": "/^class TodoResponse(TodoBase):$/", "language": "Python", "kind": "class"}, {"_type": "tag", "name": "TodoUpdate", "path": "/home/kavia/workspace/code-generation/simple-to-do-list-301448-301457/todo_backend/src/api/schemas.py", "pattern": "/^class TodoUpdate(BaseModel):$/", "language": "Python", "kind": "class"}, {"_type": "tag", "name": "completed", "path": "/home/kavia/workspace/code-generation/simple-to-do-list-301448-301457/todo_backend/src/api/schemas.py", "pattern": "/^    completed: Optional[bool] = Field(None, description=\"Whether the todo is completed\")$/", "language": "Python", "typeref": "typename:Optional[bool]", "kind": "variable", "scope": "TodoUpdate", "scopeKind": "class"}, {"_type": "tag", "name": "completed", "path": "/home/kavia/workspace/code-generation/simple-to-do-list-301448-301457/todo_backend/src/api/schemas.py", "pattern": "/^    completed: bool = Field(..., description=\"Whether the todo is completed\")$/", "language": "Python", "typeref": "typename:bool", "kind": "variable", "scope": "TodoComplete", "scopeKind": "class"}, {"_type": "tag", "name": "completed", "path": "/home/kavia/workspace/code-generation/simple-to-do-list-301448-301457/todo_backend/src/api/schemas.py", "pattern": "/^    completed: bool = Field(default=False, description=\"Whether the todo is completed\")$/", "language": "Python", "typeref": "typename:bool", "kind": "variable", "scope": "TodoBase", "scopeKind": "class"}, {"_type": "tag", "name": "created_at", "path": "/home/kavia/workspace/code-generation/simple-to-do-list-301448-301457/todo_backend/src/api/schemas.py", "pattern": "/^    created_at: str = Field(..., description=\"When the todo was created\")$/", "language": "Python", "typeref": "typename:str", "kind": "variable", "scope": "TodoResponse", "scopeKind": "class"}, {"_type": "tag", "name": "description", "path": "/home/kavia/workspace/code-generation/simple-to-do-list-301448-301457/todo_backend/src/api/schemas.py", "pattern": "/^    description: Optional[str] = Field(None, description=\"Description of the todo item\", max_len/", "language": "Python", "typeref": "typename:Optional[str]", "kind": "variable", "scope": "TodoUpdate", "scopeKind": "class"}, {"_type": "tag", "name": "description", "path": "/home/kavia/workspace/code-generation/simple-to-do-list-301448-301457/todo_backend/src/api/schemas.py", "pattern": "/^    description: Optional[str] = Field(default=\"\", description=\"Description of the todo item\", m/", "language": "Python", "typeref": "typename:Optional[str]", "kind": "variable", "scope": "TodoBase", "scopeKind": "class"}, {"_type": "tag", "name": "detail", "path": "/home/kavia/workspace/code-generation/simple-to-do-list-301448-301457/todo_backend/src/api/schemas.py", "pattern": "/^    detail: str = Field(..., description=\"Error message\")$/", "language": "Python", "typeref": "typename:str", "kind": "variable", "scope": "ErrorResponse", "scopeKind": "class"}, {"_type": "tag", "name": "from_attributes", "path": "/home/kavia/workspace/code-generation/simple-to-do-list-301448-301457/todo_backend/src/api/schemas.py", "pattern": "/^        from_attributes = True$/", "language": "Python", "kind": "variable", "scope": "TodoResponse.Config", "scopeKind": "class"}, {"_type": "tag", "name": "id", "path": "/home/kavia/workspace/code-generation/simple-to-do-list-301448-301457/todo_backend/src/api/schemas.py", "pattern": "/^    id: int = Field(..., description=\"Unique identifier for the todo\")$/", "language": "Python", "typeref": "typename:int", "kind": "variable", "scope": "TodoResponse", "scopeKind": "class"}, {"_type": "tag", "name": "title", "path": "/home/kavia/workspace/code-generation/simple-to-do-list-301448-301457/todo_backend/src/api/schemas.py", "pattern": "/^    title: Optional[str] = Field(None, description=\"Title of the todo item\", min_length=1, max_l/", "language": "Python", "typeref": "typename:Optional[str]", "kind": "variable", "scope": "TodoUpdate", "scopeKind": "class"}, {"_type": "tag", "name": "title", "path": "/home/kavia/workspace/code-generation/simple-to-do-list-301448-301457/todo_backend/src/api/schemas.py", "pattern": "/^    title: str = Field(..., description=\"Title of the todo item\", min_length=1, max_length=500)$/", "language": "Python", "typeref": "typename:str", "kind": "variable", "scope": "TodoBase", "scopeKind": "class"}, {"_type": "tag", "name": "todos", "path": "/home/kavia/workspace/code-generation/simple-to-do-list-301448-301457/todo_backend/src/api/schemas.py", "pattern": "/^    todos: list[TodoResponse] = Field(default=[], description=\"List of todo items\")$/", "language": "Python", "typeref": "typename:list[TodoResponse]", "kind": "variable", "scope": "TodoListResponse", "scopeKind": "class"}, {"_type": "tag", "name": "total", "path": "/home/kavia/workspace/code-generation/simple-to-do-list-301448-301457/todo_backend/src/api/schemas.py", "pattern": "/^    total: int = Field(..., description=\"Total count of todos\")$/", "language": "Python", "typeref": "typename:int", "kind": "variable", "scope": "TodoListResponse", "scopeKind": "class"}, {"_type": "tag", "name": "updated_at", "path": "/home/kavia/workspace/code-generation/simple-to-do-list-301448-301457/todo_backend/src/api/schemas.py", "pattern": "/^    updated_at: str = Field(..., description=\"When the todo was last updated\")$/", "language": "Python", "typeref": "typename:str", "kind": "variable", "scope": "TodoResponse", "scopeKind": "class"}], "hash": "1d5804000014750875f92488d3397904", "format-version": 4, "code-base-name": "todo_backend", "filename": "todo_backend/src/api/schemas.py", "fields": [{"name": "Optional[bool] completed", "scope": "TodoUpdate", "scopeKind": "class", "description": "unavailable"}, {"name": "bool completed", "scope": "TodoComplete", "scopeKind": "class", "description": "unavailable"}, {"name": "str created_at", "scope": "TodoResponse", "scopeKind": "class", "description": "unavailable"}, {"name": "Optional[str] description", "scope": "TodoUpdate", "scopeKind": "class", "description": "unavailable"}, {"name": "str detail", "scope": "ErrorResponse", "scopeKind": "class", "description": "unavailable"}, {"name": "from_attributes = True", "scope": "TodoResponse.Config", "scopeKind": "class", "description": "unavailable"}, {"name": "int id", "scope": "TodoResponse", "scopeKind": "class", "description": "unavailable"}, {"name": "Optional[str] title", "scope": "TodoUpdate", "scopeKind": "class", "description": "unavailable"}, {"name": "str title", "scope": "TodoBase", "scopeKind": "class", "description": "unavailable"}, {"name": "list[TodoResponse] todos", "scope": "TodoListResponse", "scopeKind": "class", "description": "unavailable"}, {"name": "int total", "scope": "TodoListResponse", "scopeKind": "class", "description": "unavailable"}, {"name": "str updated_at", "scope": "TodoResponse", "scopeKind": "class", "description": "unavailable"}]}